{
    "loss ": 17.627246856689453,
    "accuracy": 0.4651162922382355
}