{
    "loss ": 6.807498455047607,
    "accuracy": 0.6992248296737671
}