{
    "loss ": 3.689115047454834,
    "accuracy": 0.6232557892799377
}